phase,variant,executable,bytes_first,bytes_second,raw_sha256_first,raw_sha256_second,raw_equal,canonical_sha256_first,canonical_sha256_second,canonical_equal,first_coff_timestamp,second_coff_timestamp,first_debug_timestamp_offsets,second_debug_timestamp_offsets,first_debug_timestamps,second_debug_timestamps
Phase29,success,guideXOS.Phase29ManagedNotificationProof.exe,706048,706048,F95857C741553ED0E951EC48D5642C164FFE60B8FD3751375BD715F1A15ADFBF,F95857C741553ED0E951EC48D5642C164FFE60B8FD3751375BD715F1A15ADFBF,true,F95857C741553ED0E951EC48D5642C164FFE60B8FD3751375BD715F1A15ADFBF,F95857C741553ED0E951EC48D5642C164FFE60B8FD3751375BD715F1A15ADFBF,true,0x00000000,0x00000000,0x97E10,0x97E10,0x00000000,0x00000000
Phase29,title-failure,guideXOS.Phase29NotificationTitleFailureProof.exe,706048,706048,C4971145688466B7F59385F7738D38D34EBE46C3510FFA262FFBACD9717DB342,C4971145688466B7F59385F7738D38D34EBE46C3510FFA262FFBACD9717DB342,true,C4971145688466B7F59385F7738D38D34EBE46C3510FFA262FFBACD9717DB342,C4971145688466B7F59385F7738D38D34EBE46C3510FFA262FFBACD9717DB342,true,0x00000000,0x00000000,0x97E60,0x97E60,0x00000000,0x00000000
Phase29,body-failure,guideXOS.Phase29NotificationBodyFailureProof.exe,706560,706560,0A6DBAA0CE747EC6CBFE42FB0741B7E2A3A6B756A6B8AD7B479764D3D14B28BC,0A6DBAA0CE747EC6CBFE42FB0741B7E2A3A6B756A6B8AD7B479764D3D14B28BC,true,0A6DBAA0CE747EC6CBFE42FB0741B7E2A3A6B756A6B8AD7B479764D3D14B28BC,0A6DBAA0CE747EC6CBFE42FB0741B7E2A3A6B756A6B8AD7B479764D3D14B28BC,true,0x00000000,0x00000000,0x97FE0,0x97FE0,0x00000000,0x00000000
Phase29,invalid-type,guideXOS.Phase29NotificationInvalidTypeProof.exe,706048,706048,07140CD111FC7A467B8F6CC8DFD8D93320B246EAA76A078FA9F2DE4778337CE0,07140CD111FC7A467B8F6CC8DFD8D93320B246EAA76A078FA9F2DE4778337CE0,true,07140CD111FC7A467B8F6CC8DFD8D93320B246EAA76A078FA9F2DE4778337CE0,07140CD111FC7A467B8F6CC8DFD8D93320B246EAA76A078FA9F2DE4778337CE0,true,0x00000000,0x00000000,0x97E10,0x97E10,0x00000000,0x00000000
Phase29,failfast,guideXOS.Phase29NotificationFailFastProof.exe,706560,706560,E5B7301054D1393AC6F678C8F9243E69C4DB0A1E5F69DCDD95DDB665AFC300E9,E5B7301054D1393AC6F678C8F9243E69C4DB0A1E5F69DCDD95DDB665AFC300E9,true,E5B7301054D1393AC6F678C8F9243E69C4DB0A1E5F69DCDD95DDB665AFC300E9,E5B7301054D1393AC6F678C8F9243E69C4DB0A1E5F69DCDD95DDB665AFC300E9,true,0x00000000,0x00000000,0x98030,0x98030,0x00000000,0x00000000
Phase30,success,guideXOS.Phase30ManagedClipboardProof.exe,708096,708096,375834F8223C1F1339B71D6F2A7FEFEECB3A969251E05D9A2AA5AA24E4F90F6C,375834F8223C1F1339B71D6F2A7FEFEECB3A969251E05D9A2AA5AA24E4F90F6C,true,375834F8223C1F1339B71D6F2A7FEFEECB3A969251E05D9A2AA5AA24E4F90F6C,375834F8223C1F1339B71D6F2A7FEFEECB3A969251E05D9A2AA5AA24E4F90F6C,true,0x00000000,0x00000000,0x98530,0x98530,0x00000000,0x00000000
Phase30,reader,guideXOS.Phase30ClipboardReaderProof.exe,707584,707584,1A06906BC2BE8B6BDD1F2314B0CD0AB9F8C6FD4E6F1033397046AAEC5C0F481B,1A06906BC2BE8B6BDD1F2314B0CD0AB9F8C6FD4E6F1033397046AAEC5C0F481B,true,1A06906BC2BE8B6BDD1F2314B0CD0AB9F8C6FD4E6F1033397046AAEC5C0F481B,1A06906BC2BE8B6BDD1F2314B0CD0AB9F8C6FD4E6F1033397046AAEC5C0F481B,true,0x00000000,0x00000000,0x98310,0x98310,0x00000000,0x00000000
Phase30,cross-writer,guideXOS.Phase30ClipboardCrossWriterProof.exe,706048,706048,E5FFB468FB7F02F1B9A7EC1334CEFF6F8735134A844B05595BA5CB26741AC980,E5FFB468FB7F02F1B9A7EC1334CEFF6F8735134A844B05595BA5CB26741AC980,true,E5FFB468FB7F02F1B9A7EC1334CEFF6F8735134A844B05595BA5CB26741AC980,E5FFB468FB7F02F1B9A7EC1334CEFF6F8735134A844B05595BA5CB26741AC980,true,0x00000000,0x00000000,0x97DD0,0x97DD0,0x00000000,0x00000000
Phase30,overwrite,guideXOS.Phase30ClipboardOverwriteProof.exe,708096,708096,09B55A5BF5955944F41CB9CDEE7144A9294B8A7A9AECB80DC9BA1E98A200C2CD,09B55A5BF5955944F41CB9CDEE7144A9294B8A7A9AECB80DC9BA1E98A200C2CD,true,09B55A5BF5955944F41CB9CDEE7144A9294B8A7A9AECB80DC9BA1E98A200C2CD,09B55A5BF5955944F41CB9CDEE7144A9294B8A7A9AECB80DC9BA1E98A200C2CD,true,0x00000000,0x00000000,0x98530,0x98530,0x00000000,0x00000000
Phase30,empty,guideXOS.Phase30ClipboardEmptyProof.exe,708096,708096,6482347871A4BF4D07801D671018126E781EADC0498A833454E91CF816E03C9A,6482347871A4BF4D07801D671018126E781EADC0498A833454E91CF816E03C9A,true,6482347871A4BF4D07801D671018126E781EADC0498A833454E91CF816E03C9A,6482347871A4BF4D07801D671018126E781EADC0498A833454E91CF816E03C9A,true,0x00000000,0x00000000,0x984D0,0x984D0,0x00000000,0x00000000
Phase30,clear,guideXOS.Phase30ClipboardClearProof.exe,708096,708096,D2048D694F129179933295B9B4E8A927F2A9081F0CF6FD37415F4BCE9FCB7D73,D2048D694F129179933295B9B4E8A927F2A9081F0CF6FD37415F4BCE9FCB7D73,true,D2048D694F129179933295B9B4E8A927F2A9081F0CF6FD37415F4BCE9FCB7D73,D2048D694F129179933295B9B4E8A927F2A9081F0CF6FD37415F4BCE9FCB7D73,true,0x00000000,0x00000000,0x98520,0x98520,0x00000000,0x00000000
Phase30,oversize,guideXOS.Phase30ClipboardOversizeProof.exe,708096,708096,8DA34634942F96EDA4090B577ABCB2D0D1D5C55F6B18829599A471782FD78D3D,8DA34634942F96EDA4090B577ABCB2D0D1D5C55F6B18829599A471782FD78D3D,true,8DA34634942F96EDA4090B577ABCB2D0D1D5C55F6B18829599A471782FD78D3D,8DA34634942F96EDA4090B577ABCB2D0D1D5C55F6B18829599A471782FD78D3D,true,0x00000000,0x00000000,0x98540,0x98540,0x00000000,0x00000000
Phase30,malformed-length,guideXOS.Phase30ClipboardMalformedLengthProof.exe,708096,708096,CBA0AA7A35025AE0A9BDE913F55431432CD7B2A2DACEA365D3A54031B8A9AA43,CBA0AA7A35025AE0A9BDE913F55431432CD7B2A2DACEA365D3A54031B8A9AA43,true,CBA0AA7A35025AE0A9BDE913F55431432CD7B2A2DACEA365D3A54031B8A9AA43,CBA0AA7A35025AE0A9BDE913F55431432CD7B2A2DACEA365D3A54031B8A9AA43,true,0x00000000,0x00000000,0x98570,0x98570,0x00000000,0x00000000
Phase30,failfast,guideXOS.Phase30ClipboardFailFastProof.exe,706048,706048,4131068DAF4BE30D2F008EAB047F82BDC8ABEF46443CFD5FC3682C2E1A3F7664,4131068DAF4BE30D2F008EAB047F82BDC8ABEF46443CFD5FC3682C2E1A3F7664,true,4131068DAF4BE30D2F008EAB047F82BDC8ABEF46443CFD5FC3682C2E1A3F7664,4131068DAF4BE30D2F008EAB047F82BDC8ABEF46443CFD5FC3682C2E1A3F7664,true,0x00000000,0x00000000,0x97DD0,0x97DD0,0x00000000,0x00000000
Phase31,success,guideXOS.Phase31ManagedShellLaunchProof.exe,706560,706560,B862A4AA582477535EC595417B3BB32A6661E205B884F161349BF1910F8B538D,B862A4AA582477535EC595417B3BB32A6661E205B884F161349BF1910F8B538D,true,B862A4AA582477535EC595417B3BB32A6661E205B884F161349BF1910F8B538D,B862A4AA582477535EC595417B3BB32A6661E205B884F161349BF1910F8B538D,true,0x00000000,0x00000000,0x98000,0x98000,0x00000000,0x00000000
Phase31,invalid-target,guideXOS.Phase31InvalidTargetProof.exe,706560,706560,BC7F6A044A435D622CE5209C3AB6A5CEF5E1889AFA096EFA35B94D890089BCF6,BC7F6A044A435D622CE5209C3AB6A5CEF5E1889AFA096EFA35B94D890089BCF6,true,BC7F6A044A435D622CE5209C3AB6A5CEF5E1889AFA096EFA35B94D890089BCF6,BC7F6A044A435D622CE5209C3AB6A5CEF5E1889AFA096EFA35B94D890089BCF6,true,0x00000000,0x00000000,0x98020,0x98020,0x00000000,0x00000000
Phase31,oversize,guideXOS.Phase31OversizeTargetProof.exe,706560,706560,EA183DADD5956D02630E917894C539F37F94EFAA219419FA30C5E34A96F7BD1F,EA183DADD5956D02630E917894C539F37F94EFAA219419FA30C5E34A96F7BD1F,true,EA183DADD5956D02630E917894C539F37F94EFAA219419FA30C5E34A96F7BD1F,EA183DADD5956D02630E917894C539F37F94EFAA219419FA30C5E34A96F7BD1F,true,0x00000000,0x00000000,0x97FE0,0x97FE0,0x00000000,0x00000000
Phase31,failfast,guideXOS.Phase31FailFastProof.exe,706560,706560,DE77C1E14260DE274064997518D29D5B32D94E048F0A4E4FD08DC7766B3315EC,DE77C1E14260DE274064997518D29D5B32D94E048F0A4E4FD08DC7766B3315EC,true,DE77C1E14260DE274064997518D29D5B32D94E048F0A4E4FD08DC7766B3315EC,DE77C1E14260DE274064997518D29D5B32D94E048F0A4E4FD08DC7766B3315EC,true,0x00000000,0x00000000,0x98000,0x98000,0x00000000,0x00000000
Phase31,stale-owner,guideXOS.Phase31StaleOwnerProof.exe,706560,706560,969940686CD34ACCD234B7A95D75032027509453B3F8EE654837E663A8445B5E,969940686CD34ACCD234B7A95D75032027509453B3F8EE654837E663A8445B5E,true,969940686CD34ACCD234B7A95D75032027509453B3F8EE654837E663A8445B5E,969940686CD34ACCD234B7A95D75032027509453B3F8EE654837E663A8445B5E,true,0x00000000,0x00000000,0x98000,0x98000,0x00000000,0x00000000
Phase32,success,guideXOS.Phase32ManagedOpenDocumentProof.exe,706560,706560,4C7F39F9B54818316FEC2B5DB44E82500C7148B1A9B9B8A425C11C8932636EB1,4C7F39F9B54818316FEC2B5DB44E82500C7148B1A9B9B8A425C11C8932636EB1,true,4C7F39F9B54818316FEC2B5DB44E82500C7148B1A9B9B8A425C11C8932636EB1,4C7F39F9B54818316FEC2B5DB44E82500C7148B1A9B9B8A425C11C8932636EB1,true,0x00000000,0x00000000,0x980B0,0x980B0,0x00000000,0x00000000
Phase32,failfast,guideXOS.Phase32OpenDocumentFailFastProof.exe,706560,706560,FDDA849F9062E01625AEE3C18660204C2ADAF3340E7BFB0DBEB92F8903946026,FDDA849F9062E01625AEE3C18660204C2ADAF3340E7BFB0DBEB92F8903946026,true,FDDA849F9062E01625AEE3C18660204C2ADAF3340E7BFB0DBEB92F8903946026,FDDA849F9062E01625AEE3C18660204C2ADAF3340E7BFB0DBEB92F8903946026,true,0x00000000,0x00000000,0x98010,0x98010,0x00000000,0x00000000
Phase32,stale-owner,guideXOS.Phase32OpenDocumentStaleOwnerProof.exe,706560,706560,AA86301F20C9B7933440DC341ABAD1AAD1D306D4BF6FA42E76CED0875D4809D4,AA86301F20C9B7933440DC341ABAD1AAD1D306D4BF6FA42E76CED0875D4809D4,true,AA86301F20C9B7933440DC341ABAD1AAD1D306D4BF6FA42E76CED0875D4809D4,AA86301F20C9B7933440DC341ABAD1AAD1D306D4BF6FA42E76CED0875D4809D4,true,0x00000000,0x00000000,0x98010,0x98010,0x00000000,0x00000000
