stage,phase,variant,executable_path,build_output_path,executable_bytes,raw_sha256,normalized_sha256,descriptor_path,descriptor_file_sha256,descriptor_artifact_sha256,descriptor_flags,kernel_accepted_sha256,build_equals_staged,descriptor_equals_executable,allowlist_equals_executable,ramdisk_equals_source,coff_timestamp,coff_timestamp_offset,debug_directory_timestamp_offsets,debug_directory_timestamps,normalized_fields,classification
before,Phase29,success,D:\dev\guideXOSUEFI\ramdisk_src\Native\guideXOS.Phase29ManagedNotificationProof.exe,D:\dev\guideXOSUEFI\out\dotnet\phase29-managed-notification\success\publish\guideXOS.Phase29ManagedNotificationProof.exe,706048,26A1333613AAAC63DE5123BF4D2C541FA41F5C259C9D067FD069868E1BF5B950,26A1333613AAAC63DE5123BF4D2C541FA41F5C259C9D067FD069868E1BF5B950,D:\dev\guideXOSUEFI\ramdisk_src\Native\guideXOS.Phase29ManagedNotificationProof.gxmi,50A0CBFFE0C2F1B198D7FCA051C32F89E1F0C4644D3A6B494BDE0E909AE44304,26A1333613AAAC63DE5123BF4D2C541FA41F5C259C9D067FD069868E1BF5B950,0x0000081F,0D2328B193C8F5D4BBB35640CF07C9C34FA5A5B084E836F47BBFDBB5D1FAAA5B,true,true,false,true,0,,,,,compiled allowlist stale
before,Phase29,title-failure,D:\dev\guideXOSUEFI\ramdisk_src\Native\guideXOS.Phase29NotificationTitleFailureProof.exe,D:\dev\guideXOSUEFI\out\dotnet\phase29-managed-notification\title-failure\publish\guideXOS.Phase29ManagedNotificationProof.exe,706048,11936B3775EB017DDBB6572D51FB654E0AB502F890E9FBA91DA41EA2E7B35EB7,11936B3775EB017DDBB6572D51FB654E0AB502F890E9FBA91DA41EA2E7B35EB7,D:\dev\guideXOSUEFI\ramdisk_src\Native\guideXOS.Phase29NotificationTitleFailureProof.gxmi,3B21BCA3CF59165811B33FDF0394C7610CBF4AB9D746D1C3FE52E6517E00ECAA,11936B3775EB017DDBB6572D51FB654E0AB502F890E9FBA91DA41EA2E7B35EB7,0x0000101F,FD197BA056630526FBFACC14917E04B7A7E5C2194EBC8FF13EA3BF52266244F2,true,true,false,true,0,,,,,compiled allowlist stale
before,Phase29,body-failure,D:\dev\guideXOSUEFI\ramdisk_src\Native\guideXOS.Phase29NotificationBodyFailureProof.exe,D:\dev\guideXOSUEFI\out\dotnet\phase29-managed-notification\body-failure\publish\guideXOS.Phase29ManagedNotificationProof.exe,706560,FC461B2FC9F571A491415EE3652DD76AAAF313508300AF2C79631FAD03A03ECF,FC461B2FC9F571A491415EE3652DD76AAAF313508300AF2C79631FAD03A03ECF,D:\dev\guideXOSUEFI\ramdisk_src\Native\guideXOS.Phase29NotificationBodyFailureProof.gxmi,66EFA5C2918D3CAFF1CDF2611B96B21C429921EAEA48B39E488212608A4DB7B6,FC461B2FC9F571A491415EE3652DD76AAAF313508300AF2C79631FAD03A03ECF,0x0000201F,744165D1ADC63E5CD53E926D7B62FB10267670E0E9AA2A836F4823EDBABEF1B2,true,true,false,true,0,,,,,compiled allowlist stale
before,Phase29,invalid-type,D:\dev\guideXOSUEFI\ramdisk_src\Native\guideXOS.Phase29NotificationInvalidTypeProof.exe,D:\dev\guideXOSUEFI\out\dotnet\phase29-managed-notification\invalid-type\publish\guideXOS.Phase29ManagedNotificationProof.exe,706048,68B76C3960192A89564950D9905F77AC4D83860A36449F16B6625B5F54CFA9E4,68B76C3960192A89564950D9905F77AC4D83860A36449F16B6625B5F54CFA9E4,D:\dev\guideXOSUEFI\ramdisk_src\Native\guideXOS.Phase29NotificationInvalidTypeProof.gxmi,92592475DB25926A446623AF2577CADB180B6C5F1A5400E429413EA7A780470C,68B76C3960192A89564950D9905F77AC4D83860A36449F16B6625B5F54CFA9E4,0x0000801F,D5C47273BAAF540E41626FEF8677A554D396CBC69DA4D33105703F4EFE39048B,true,true,false,true,0,,,,,compiled allowlist stale
before,Phase29,failfast,D:\dev\guideXOSUEFI\ramdisk_src\Native\guideXOS.Phase29NotificationFailFastProof.exe,D:\dev\guideXOSUEFI\out\dotnet\phase29-managed-notification\failfast\publish\guideXOS.Phase29ManagedNotificationProof.exe,706560,DB76EF3FB431E825198AB8C743EBE27C10A921E701E90285F918ADFF90E1E407,DB76EF3FB431E825198AB8C743EBE27C10A921E701E90285F918ADFF90E1E407,D:\dev\guideXOSUEFI\ramdisk_src\Native\guideXOS.Phase29NotificationFailFastProof.gxmi,A03A3BA02C8A9E495B3F5DFBED7E0511617DF1B950F7EC76132A69C56654BF65,DB76EF3FB431E825198AB8C743EBE27C10A921E701E90285F918ADFF90E1E407,0x0000401F,B31E37538098CEC1D25E9480DF0042841829F994A94E9A6AF5B64D6F967051DC,true,true,false,true,0,,,,,compiled allowlist stale
before,Phase30,success,D:\dev\guideXOSUEFI\ramdisk_src\Native\guideXOS.Phase30ManagedClipboardProof.exe,D:\dev\guideXOSUEFI\out\dotnet\phase30-managed-clipboard\success\publish\guideXOS.Phase30ManagedClipboardProof.exe,708096,CCD5F81B19FC77A9B96B4B65AB9053A32A49E261E1C6CF28D8D1CC56C8797A34,CCD5F81B19FC77A9B96B4B65AB9053A32A49E261E1C6CF28D8D1CC56C8797A34,D:\dev\guideXOSUEFI\ramdisk_src\Native\guideXOS.Phase30ManagedClipboardProof.gxmi,223D652D7CC229ED89262FCCFA4D44D2E6C28F6521296FF12111163357A64835,CCD5F81B19FC77A9B96B4B65AB9053A32A49E261E1C6CF28D8D1CC56C8797A34,0x0001001F,5A9367924412D0432E2B68A863AD9695DC0630458673ABB154E27C31D64A24D0,true,true,false,true,0,,,,,compiled allowlist stale
before,Phase30,reader,D:\dev\guideXOSUEFI\ramdisk_src\Native\guideXOS.Phase30ClipboardReaderProof.exe,D:\dev\guideXOSUEFI\out\dotnet\phase30-managed-clipboard\reader\publish\guideXOS.Phase30ManagedClipboardProof.exe,707584,1263EE5DC066C04A58CFA8CDC212A355CF21225EAF7D6A03802E9003BC897218,1263EE5DC066C04A58CFA8CDC212A355CF21225EAF7D6A03802E9003BC897218,D:\dev\guideXOSUEFI\ramdisk_src\Native\guideXOS.Phase30ClipboardReaderProof.gxmi,E3AEB7888389D98FCBF0539BDC6CBEA1C54EA9E35DE2636DB1E2DBA320799EF2,1263EE5DC066C04A58CFA8CDC212A355CF21225EAF7D6A03802E9003BC897218,0x0002001F,504A1A86EF53E377D38E2FA481B5E0FDB0712A56B3A97442FADE4D0DA7FF913D,true,true,false,true,0,,,,,compiled allowlist stale
before,Phase30,cross-writer,D:\dev\guideXOSUEFI\ramdisk_src\Native\guideXOS.Phase30ClipboardCrossWriterProof.exe,D:\dev\guideXOSUEFI\out\dotnet\phase30-managed-clipboard\cross-writer\publish\guideXOS.Phase30ManagedClipboardProof.exe,706048,78407B66E7E72CFB49DB75EA351ED64DCAA6B1B1310940ED40C1AF811079ED2F,78407B66E7E72CFB49DB75EA351ED64DCAA6B1B1310940ED40C1AF811079ED2F,D:\dev\guideXOSUEFI\ramdisk_src\Native\guideXOS.Phase30ClipboardCrossWriterProof.gxmi,B203C252DB3B113D19399D9AD6AE30340FB9550F5DC0A344ECEBF7382698A0A1,78407B66E7E72CFB49DB75EA351ED64DCAA6B1B1310940ED40C1AF811079ED2F,0x0004001F,A780175DF49791005CC2E3010A7BD2F59CB8E9A344F0ACE8ED6C7A20768C54AB,true,true,false,true,0,,,,,compiled allowlist stale
before,Phase30,overwrite,D:\dev\guideXOSUEFI\ramdisk_src\Native\guideXOS.Phase30ClipboardOverwriteProof.exe,D:\dev\guideXOSUEFI\out\dotnet\phase30-managed-clipboard\overwrite\publish\guideXOS.Phase30ManagedClipboardProof.exe,708096,3C8AEF474E0B9A144EDCA3992BB0E6FE18EDF766576E0DE5F1754F4815B5A9DE,3C8AEF474E0B9A144EDCA3992BB0E6FE18EDF766576E0DE5F1754F4815B5A9DE,D:\dev\guideXOSUEFI\ramdisk_src\Native\guideXOS.Phase30ClipboardOverwriteProof.gxmi,98E7C486B2A05EDF3859F99F1F63050191CFA066433A76CE990E977B7A9632E5,3C8AEF474E0B9A144EDCA3992BB0E6FE18EDF766576E0DE5F1754F4815B5A9DE,0x0008001F,9FB750EFD949C11EE90476A6E935AA00DCAED75C72237567A933ECBC0500F523,true,true,false,true,0,,,,,compiled allowlist stale
before,Phase30,empty,D:\dev\guideXOSUEFI\ramdisk_src\Native\guideXOS.Phase30ClipboardEmptyProof.exe,D:\dev\guideXOSUEFI\out\dotnet\phase30-managed-clipboard\empty\publish\guideXOS.Phase30ManagedClipboardProof.exe,708096,B0A3A8FBBB0FBB8EC8EFB16B289CCD58DAEE82BC34D968FD4D9DAA1F5DC9A76F,B0A3A8FBBB0FBB8EC8EFB16B289CCD58DAEE82BC34D968FD4D9DAA1F5DC9A76F,D:\dev\guideXOSUEFI\ramdisk_src\Native\guideXOS.Phase30ClipboardEmptyProof.gxmi,7713CDAC2C29618F1AA64F669006652A042949C4946FDCEF1FAD038BA9873B9A,B0A3A8FBBB0FBB8EC8EFB16B289CCD58DAEE82BC34D968FD4D9DAA1F5DC9A76F,0x0010001F,1B1954D966830ACFEA027010A77751FC7766DDC0E979DD1F0004BCCD01E119BA,true,true,false,true,0,,,,,compiled allowlist stale
before,Phase30,clear,D:\dev\guideXOSUEFI\ramdisk_src\Native\guideXOS.Phase30ClipboardClearProof.exe,D:\dev\guideXOSUEFI\out\dotnet\phase30-managed-clipboard\clear\publish\guideXOS.Phase30ManagedClipboardProof.exe,708096,25608A0702C59A74A0EE3245073525EF18EAABE44DD869A779C749FF65E58D01,25608A0702C59A74A0EE3245073525EF18EAABE44DD869A779C749FF65E58D01,D:\dev\guideXOSUEFI\ramdisk_src\Native\guideXOS.Phase30ClipboardClearProof.gxmi,F890B761C5FD522493B3792E023A25342D826F78D7833D02E6C361EE6D0E10A2,25608A0702C59A74A0EE3245073525EF18EAABE44DD869A779C749FF65E58D01,0x0020001F,4F861FC268792C63634E9D90C5523601DCFC11A82861EB34513B9E77EFAC487C,true,true,false,true,0,,,,,compiled allowlist stale
before,Phase30,oversize,D:\dev\guideXOSUEFI\ramdisk_src\Native\guideXOS.Phase30ClipboardOversizeProof.exe,D:\dev\guideXOSUEFI\out\dotnet\phase30-managed-clipboard\oversize\publish\guideXOS.Phase30ManagedClipboardProof.exe,708096,1360654D489C7F82A7DD18033F5D0B3B7016EA8F2E4C533D17D276EEA4AE00A1,1360654D489C7F82A7DD18033F5D0B3B7016EA8F2E4C533D17D276EEA4AE00A1,D:\dev\guideXOSUEFI\ramdisk_src\Native\guideXOS.Phase30ClipboardOversizeProof.gxmi,5468598B32988B86E6B99C8B31406CB74852A0CD7F7CF6F8E93AD500131D5DE7,1360654D489C7F82A7DD18033F5D0B3B7016EA8F2E4C533D17D276EEA4AE00A1,0x0040001F,FD0C06CB7AA8C16E0A22B4576D2A632F9AEB8807AFEF1741A199B053E27CB08F,true,true,false,true,0,,,,,compiled allowlist stale
before,Phase30,malformed-length,D:\dev\guideXOSUEFI\ramdisk_src\Native\guideXOS.Phase30ClipboardMalformedLengthProof.exe,D:\dev\guideXOSUEFI\out\dotnet\phase30-managed-clipboard\malformed-length\publish\guideXOS.Phase30ManagedClipboardProof.exe,708096,919C6181FC4C296003642CFF84F8EADFCC5EEA411205D40CA9B3A754D0170526,919C6181FC4C296003642CFF84F8EADFCC5EEA411205D40CA9B3A754D0170526,D:\dev\guideXOSUEFI\ramdisk_src\Native\guideXOS.Phase30ClipboardMalformedLengthProof.gxmi,15CAE7817B10708DAAE1ADAC00270C49FBF2C117AF0529BCC993A50EC71408C5,919C6181FC4C296003642CFF84F8EADFCC5EEA411205D40CA9B3A754D0170526,0x0080001F,C5C39E018DB8459EC9DF868CEC40F9E4977647ACF2AE552AB8EEA3CB883EC47F,true,true,false,true,0,,,,,compiled allowlist stale
before,Phase30,failfast,D:\dev\guideXOSUEFI\ramdisk_src\Native\guideXOS.Phase30ClipboardFailFastProof.exe,D:\dev\guideXOSUEFI\out\dotnet\phase30-managed-clipboard\failfast\publish\guideXOS.Phase30ManagedClipboardProof.exe,706048,A2197155C3CE00C69A1F0001257421AB2F155A6309E9F569C6E5E00E5AF10CD7,A2197155C3CE00C69A1F0001257421AB2F155A6309E9F569C6E5E00E5AF10CD7,D:\dev\guideXOSUEFI\ramdisk_src\Native\guideXOS.Phase30ClipboardFailFastProof.gxmi,FC42A1199CF0DF4FF1CA85F2D2C7047C3B8BF7670A4B1325EAAE90762D3BF4E0,A2197155C3CE00C69A1F0001257421AB2F155A6309E9F569C6E5E00E5AF10CD7,0x0100001F,60DDE536D50799BE2EE3A0D42017E01EF1FC8574226E3605991BF0F1ECA766D4,true,true,false,true,0,,,,,compiled allowlist stale
before,Phase31,success,D:\dev\guideXOSUEFI\ramdisk_src\Native\guideXOS.Phase31ManagedShellLaunchProof.exe,D:\dev\guideXOSUEFI\out\dotnet\phase31-managed-shell\success\publish\guideXOS.Phase31ManagedShellProof.exe,706560,76616FBCA1E97A90DFAF1EEB7B2B993D3966B01908DB070258125D2C1A61EA5C,76616FBCA1E97A90DFAF1EEB7B2B993D3966B01908DB070258125D2C1A61EA5C,D:\dev\guideXOSUEFI\ramdisk_src\Native\guideXOS.Phase31ManagedShellLaunchProof.gxmi,9646049933A8A0C7C6834FE169DDEA7B26BEE0585F5EA44436DAE7358BB20C8A,76616FBCA1E97A90DFAF1EEB7B2B993D3966B01908DB070258125D2C1A61EA5C,0x0200001F,4F2EA0980776DC1209B39014DA2B1F72C1534FE6CBA8C7E8AB475F33B7A6CD05,true,true,false,true,0,,,,,compiled allowlist stale
before,Phase31,invalid-target,D:\dev\guideXOSUEFI\ramdisk_src\Native\guideXOS.Phase31InvalidTargetProof.exe,D:\dev\guideXOSUEFI\out\dotnet\phase31-managed-shell\invalid-target\publish\guideXOS.Phase31ManagedShellProof.exe,706560,87A24E1478E5C07AF3CEF9D681D59529C72C2A71BB7B5167B5A14236A22810E6,87A24E1478E5C07AF3CEF9D681D59529C72C2A71BB7B5167B5A14236A22810E6,D:\dev\guideXOSUEFI\ramdisk_src\Native\guideXOS.Phase31InvalidTargetProof.gxmi,0A82AA5A25522D0099A4CBD446A48DCA40F74AB034D4A3807B88B4F93F0F903E,87A24E1478E5C07AF3CEF9D681D59529C72C2A71BB7B5167B5A14236A22810E6,0x0400001F,4C03B2F471A1AE2E7EF662003A451E8D0B3D76366DFF3FD20BE1ADE2F7C9BB27,true,true,false,true,0,,,,,compiled allowlist stale
before,Phase31,oversize,D:\dev\guideXOSUEFI\ramdisk_src\Native\guideXOS.Phase31OversizeTargetProof.exe,D:\dev\guideXOSUEFI\out\dotnet\phase31-managed-shell\oversize\publish\guideXOS.Phase31ManagedShellProof.exe,706560,7F472A023E020C98A179602950072789F38CE8EFE5E4DA0D5E7152881CA5F5DA,7F472A023E020C98A179602950072789F38CE8EFE5E4DA0D5E7152881CA5F5DA,D:\dev\guideXOSUEFI\ramdisk_src\Native\guideXOS.Phase31OversizeTargetProof.gxmi,680A7AE02F3C166F9A0577C66061161DCE4CD0C8A4E5DF2A3F2B8E4293F72C2C,7F472A023E020C98A179602950072789F38CE8EFE5E4DA0D5E7152881CA5F5DA,0x0800001F,C13D09CE2080DF84AA8E3962888D680853750E8EF1D5831C1A96BF9E3A050C29,true,true,false,true,0,,,,,compiled allowlist stale
before,Phase31,failfast,D:\dev\guideXOSUEFI\ramdisk_src\Native\guideXOS.Phase31FailFastProof.exe,D:\dev\guideXOSUEFI\out\dotnet\phase31-managed-shell\failfast\publish\guideXOS.Phase31ManagedShellProof.exe,706560,7E35242DCAD373BB0440CADFCB8737F1F3423D5F8D7826B75EC2E60C6630B4A6,7E35242DCAD373BB0440CADFCB8737F1F3423D5F8D7826B75EC2E60C6630B4A6,D:\dev\guideXOSUEFI\ramdisk_src\Native\guideXOS.Phase31FailFastProof.gxmi,3CBD90343093294F8A5F5DF05862E32B993E46EDF291E82D6F2EE3532E850C91,7E35242DCAD373BB0440CADFCB8737F1F3423D5F8D7826B75EC2E60C6630B4A6,0x1000001F,06D3241271B04044E1C8CEF881C6B72D1EFD5D0E137CCFD30436BC219EE7BDB4,true,true,false,true,0,,,,,compiled allowlist stale
before,Phase31,stale-owner,D:\dev\guideXOSUEFI\ramdisk_src\Native\guideXOS.Phase31StaleOwnerProof.exe,D:\dev\guideXOSUEFI\out\dotnet\phase31-managed-shell\stale-owner\publish\guideXOS.Phase31ManagedShellProof.exe,706560,8227C6B07BDB0021ACF21CA76A3A783D7B55B38B287A774E990306C3720BBDA4,8227C6B07BDB0021ACF21CA76A3A783D7B55B38B287A774E990306C3720BBDA4,D:\dev\guideXOSUEFI\ramdisk_src\Native\guideXOS.Phase31StaleOwnerProof.gxmi,301C4D9BE289752319DECF91789212680C9F84ECF7E4463C07DF6CEC18AE8EEF,8227C6B07BDB0021ACF21CA76A3A783D7B55B38B287A774E990306C3720BBDA4,0x2000001F,115B7EEBF4E2EDBC4D008782C8A07C1FBDCA0B8BA2C236F160200440099A1252,true,true,false,true,0,,,,,compiled allowlist stale
before,Phase32,success,D:\dev\guideXOSUEFI\ramdisk_src\Native\guideXOS.Phase32ManagedOpenDocumentProof.exe,D:\dev\guideXOSUEFI\out\dotnet\phase32-managed-open-document\success\publish\guideXOS.Phase32ManagedOpenDocumentProof.exe,706560,88E356F487C0D4E5A08DB32B4331322F82085841553C0FC107F4C06FDBDB8190,88E356F487C0D4E5A08DB32B4331322F82085841553C0FC107F4C06FDBDB8190,D:\dev\guideXOSUEFI\ramdisk_src\Native\guideXOS.Phase32ManagedOpenDocumentProof.gxmi,D83244999E24CE53311FD3142F21AE3D5342DE0E83EF2F9FEB3CB20B078C16BC,88E356F487C0D4E5A08DB32B4331322F82085841553C0FC107F4C06FDBDB8190,0x4000001F,7156515EABB7532193E17F530ED93B6F92F4013A8A1DA19A2FF66F0D3C7C5B67,true,true,false,true,0,,,,,compiled allowlist stale
before,Phase32,failfast,D:\dev\guideXOSUEFI\ramdisk_src\Native\guideXOS.Phase32OpenDocumentFailFastProof.exe,D:\dev\guideXOSUEFI\out\dotnet\phase32-managed-open-document\failfast\publish\guideXOS.Phase32ManagedOpenDocumentProof.exe,706560,D2B4A218E6E6540185138ECA4FC1387F4252FBC7E0D169E1257A85D08F46D773,D2B4A218E6E6540185138ECA4FC1387F4252FBC7E0D169E1257A85D08F46D773,D:\dev\guideXOSUEFI\ramdisk_src\Native\guideXOS.Phase32OpenDocumentFailFastProof.gxmi,C92AFCF3A48288BD2ACA96327078F740C4F1A61C85F21A4C09D7A3FD8660A705,D2B4A218E6E6540185138ECA4FC1387F4252FBC7E0D169E1257A85D08F46D773,0x8000001F,8E1F2F6444D205A98B014516EFD7FCB5C1A75A21F9547F4A76E231A1C11A503A,true,true,false,true,0,,,,,compiled allowlist stale
before,Phase32,stale-owner,D:\dev\guideXOSUEFI\ramdisk_src\Native\guideXOS.Phase32OpenDocumentStaleOwnerProof.exe,D:\dev\guideXOSUEFI\out\dotnet\phase32-managed-open-document\stale-owner\publish\guideXOS.Phase32ManagedOpenDocumentProof.exe,706560,51D3E344C5382BB7845B4557F7B22AAF147F3B8D8E34F3704CC467D112A72D4A,51D3E344C5382BB7845B4557F7B22AAF147F3B8D8E34F3704CC467D112A72D4A,D:\dev\guideXOSUEFI\ramdisk_src\Native\guideXOS.Phase32OpenDocumentStaleOwnerProof.gxmi,85CD5196FFC39420B4D1A7194604CE6AD81AB3CEB61886FE96AECE42A5DD8A89,51D3E344C5382BB7845B4557F7B22AAF147F3B8D8E34F3704CC467D112A72D4A,0xC000001F,3369512914FCDAB40FD5C03C40F0E793A0879BDA8A9108DA8FFCF1CE33A2438F,true,true,false,true,0,,,,,compiled allowlist stale
after,Phase29,success,D:\dev\guideXOSUEFI\ramdisk_src\Native\guideXOS.Phase29ManagedNotificationProof.exe,D:\dev\guideXOSUEFI\out\dotnet\phase29-managed-notification\success\publish\guideXOS.Phase29ManagedNotificationProof.exe,706048,F95857C741553ED0E951EC48D5642C164FFE60B8FD3751375BD715F1A15ADFBF,F95857C741553ED0E951EC48D5642C164FFE60B8FD3751375BD715F1A15ADFBF,D:\dev\guideXOSUEFI\ramdisk_src\Native\guideXOS.Phase29ManagedNotificationProof.gxmi,7D1E577AFB6342BE665E2CBF81DB98342BD7E732D02FDAEE9FDA08FF55A501E0,F95857C741553ED0E951EC48D5642C164FFE60B8FD3751375BD715F1A15ADFBF,0x0000081F,F95857C741553ED0E951EC48D5642C164FFE60B8FD3751375BD715F1A15ADFBF,true,true,true,true,0,0xE0,0x97E10,0x00000000,PE COFF TimeDateStamp; IMAGE_DEBUG_DIRECTORY TimeDateStamp,match
after,Phase29,title-failure,D:\dev\guideXOSUEFI\ramdisk_src\Native\guideXOS.Phase29NotificationTitleFailureProof.exe,D:\dev\guideXOSUEFI\out\dotnet\phase29-managed-notification\title-failure\publish\guideXOS.Phase29ManagedNotificationProof.exe,706048,C4971145688466B7F59385F7738D38D34EBE46C3510FFA262FFBACD9717DB342,C4971145688466B7F59385F7738D38D34EBE46C3510FFA262FFBACD9717DB342,D:\dev\guideXOSUEFI\ramdisk_src\Native\guideXOS.Phase29NotificationTitleFailureProof.gxmi,F68AE3DEB5E708D596B9D967A9458D71723D4E08140460DD3ABA0AAF716D5626,C4971145688466B7F59385F7738D38D34EBE46C3510FFA262FFBACD9717DB342,0x0000101F,C4971145688466B7F59385F7738D38D34EBE46C3510FFA262FFBACD9717DB342,true,true,true,true,0,0xE0,0x97E60,0x00000000,PE COFF TimeDateStamp; IMAGE_DEBUG_DIRECTORY TimeDateStamp,match
after,Phase29,body-failure,D:\dev\guideXOSUEFI\ramdisk_src\Native\guideXOS.Phase29NotificationBodyFailureProof.exe,D:\dev\guideXOSUEFI\out\dotnet\phase29-managed-notification\body-failure\publish\guideXOS.Phase29ManagedNotificationProof.exe,706560,0A6DBAA0CE747EC6CBFE42FB0741B7E2A3A6B756A6B8AD7B479764D3D14B28BC,0A6DBAA0CE747EC6CBFE42FB0741B7E2A3A6B756A6B8AD7B479764D3D14B28BC,D:\dev\guideXOSUEFI\ramdisk_src\Native\guideXOS.Phase29NotificationBodyFailureProof.gxmi,D48475909D729AB5FB61735B170257642ECF5786AADEBF7CF27E1534717ED599,0A6DBAA0CE747EC6CBFE42FB0741B7E2A3A6B756A6B8AD7B479764D3D14B28BC,0x0000201F,0A6DBAA0CE747EC6CBFE42FB0741B7E2A3A6B756A6B8AD7B479764D3D14B28BC,true,true,true,true,0,0xE0,0x97FE0,0x00000000,PE COFF TimeDateStamp; IMAGE_DEBUG_DIRECTORY TimeDateStamp,match
after,Phase29,invalid-type,D:\dev\guideXOSUEFI\ramdisk_src\Native\guideXOS.Phase29NotificationInvalidTypeProof.exe,D:\dev\guideXOSUEFI\out\dotnet\phase29-managed-notification\invalid-type\publish\guideXOS.Phase29ManagedNotificationProof.exe,706048,07140CD111FC7A467B8F6CC8DFD8D93320B246EAA76A078FA9F2DE4778337CE0,07140CD111FC7A467B8F6CC8DFD8D93320B246EAA76A078FA9F2DE4778337CE0,D:\dev\guideXOSUEFI\ramdisk_src\Native\guideXOS.Phase29NotificationInvalidTypeProof.gxmi,15DF814B333FAFDA78CDAC2FA882469F887DA71B484929A7B13B41D6BFCDC966,07140CD111FC7A467B8F6CC8DFD8D93320B246EAA76A078FA9F2DE4778337CE0,0x0000801F,07140CD111FC7A467B8F6CC8DFD8D93320B246EAA76A078FA9F2DE4778337CE0,true,true,true,true,0,0xE0,0x97E10,0x00000000,PE COFF TimeDateStamp; IMAGE_DEBUG_DIRECTORY TimeDateStamp,match
after,Phase29,failfast,D:\dev\guideXOSUEFI\ramdisk_src\Native\guideXOS.Phase29NotificationFailFastProof.exe,D:\dev\guideXOSUEFI\out\dotnet\phase29-managed-notification\failfast\publish\guideXOS.Phase29ManagedNotificationProof.exe,706560,E5B7301054D1393AC6F678C8F9243E69C4DB0A1E5F69DCDD95DDB665AFC300E9,E5B7301054D1393AC6F678C8F9243E69C4DB0A1E5F69DCDD95DDB665AFC300E9,D:\dev\guideXOSUEFI\ramdisk_src\Native\guideXOS.Phase29NotificationFailFastProof.gxmi,35E53562B19B265CF94B513684F28292E613E04A323C7568735103A21766BFC0,E5B7301054D1393AC6F678C8F9243E69C4DB0A1E5F69DCDD95DDB665AFC300E9,0x0000401F,E5B7301054D1393AC6F678C8F9243E69C4DB0A1E5F69DCDD95DDB665AFC300E9,true,true,true,true,0,0xE0,0x98030,0x00000000,PE COFF TimeDateStamp; IMAGE_DEBUG_DIRECTORY TimeDateStamp,match
after,Phase30,success,D:\dev\guideXOSUEFI\ramdisk_src\Native\guideXOS.Phase30ManagedClipboardProof.exe,D:\dev\guideXOSUEFI\out\dotnet\phase30-managed-clipboard\success\publish\guideXOS.Phase30ManagedClipboardProof.exe,708096,375834F8223C1F1339B71D6F2A7FEFEECB3A969251E05D9A2AA5AA24E4F90F6C,375834F8223C1F1339B71D6F2A7FEFEECB3A969251E05D9A2AA5AA24E4F90F6C,D:\dev\guideXOSUEFI\ramdisk_src\Native\guideXOS.Phase30ManagedClipboardProof.gxmi,4CD35FF0F3722F175AC263A1406D146B0D65C0DEBCA61283E3DDD8241E5B8127,375834F8223C1F1339B71D6F2A7FEFEECB3A969251E05D9A2AA5AA24E4F90F6C,0x0001001F,375834F8223C1F1339B71D6F2A7FEFEECB3A969251E05D9A2AA5AA24E4F90F6C,true,true,true,true,0,0xE8,0x98530,0x00000000,PE COFF TimeDateStamp; IMAGE_DEBUG_DIRECTORY TimeDateStamp,match
after,Phase30,reader,D:\dev\guideXOSUEFI\ramdisk_src\Native\guideXOS.Phase30ClipboardReaderProof.exe,D:\dev\guideXOSUEFI\out\dotnet\phase30-managed-clipboard\reader\publish\guideXOS.Phase30ManagedClipboardProof.exe,707584,1A06906BC2BE8B6BDD1F2314B0CD0AB9F8C6FD4E6F1033397046AAEC5C0F481B,1A06906BC2BE8B6BDD1F2314B0CD0AB9F8C6FD4E6F1033397046AAEC5C0F481B,D:\dev\guideXOSUEFI\ramdisk_src\Native\guideXOS.Phase30ClipboardReaderProof.gxmi,2A2B11B6D3F8941A06D2875E8B22AF17BE1F53832237E117559441C1D3A60079,1A06906BC2BE8B6BDD1F2314B0CD0AB9F8C6FD4E6F1033397046AAEC5C0F481B,0x0002001F,1A06906BC2BE8B6BDD1F2314B0CD0AB9F8C6FD4E6F1033397046AAEC5C0F481B,true,true,true,true,0,0xE8,0x98310,0x00000000,PE COFF TimeDateStamp; IMAGE_DEBUG_DIRECTORY TimeDateStamp,match
after,Phase30,cross-writer,D:\dev\guideXOSUEFI\ramdisk_src\Native\guideXOS.Phase30ClipboardCrossWriterProof.exe,D:\dev\guideXOSUEFI\out\dotnet\phase30-managed-clipboard\cross-writer\publish\guideXOS.Phase30ManagedClipboardProof.exe,706048,E5FFB468FB7F02F1B9A7EC1334CEFF6F8735134A844B05595BA5CB26741AC980,E5FFB468FB7F02F1B9A7EC1334CEFF6F8735134A844B05595BA5CB26741AC980,D:\dev\guideXOSUEFI\ramdisk_src\Native\guideXOS.Phase30ClipboardCrossWriterProof.gxmi,68C44995C425CFC777752D1430D8273887A77DC19D206B4801301C98FC44BE3F,E5FFB468FB7F02F1B9A7EC1334CEFF6F8735134A844B05595BA5CB26741AC980,0x0004001F,E5FFB468FB7F02F1B9A7EC1334CEFF6F8735134A844B05595BA5CB26741AC980,true,true,true,true,0,0xE8,0x97DD0,0x00000000,PE COFF TimeDateStamp; IMAGE_DEBUG_DIRECTORY TimeDateStamp,match
after,Phase30,overwrite,D:\dev\guideXOSUEFI\ramdisk_src\Native\guideXOS.Phase30ClipboardOverwriteProof.exe,D:\dev\guideXOSUEFI\out\dotnet\phase30-managed-clipboard\overwrite\publish\guideXOS.Phase30ManagedClipboardProof.exe,708096,09B55A5BF5955944F41CB9CDEE7144A9294B8A7A9AECB80DC9BA1E98A200C2CD,09B55A5BF5955944F41CB9CDEE7144A9294B8A7A9AECB80DC9BA1E98A200C2CD,D:\dev\guideXOSUEFI\ramdisk_src\Native\guideXOS.Phase30ClipboardOverwriteProof.gxmi,29242DE9F6E7E075B5D8BDB2422B6E17D9DF2551984F698273234C2B9005D01E,09B55A5BF5955944F41CB9CDEE7144A9294B8A7A9AECB80DC9BA1E98A200C2CD,0x0008001F,09B55A5BF5955944F41CB9CDEE7144A9294B8A7A9AECB80DC9BA1E98A200C2CD,true,true,true,true,0,0xE8,0x98530,0x00000000,PE COFF TimeDateStamp; IMAGE_DEBUG_DIRECTORY TimeDateStamp,match
after,Phase30,empty,D:\dev\guideXOSUEFI\ramdisk_src\Native\guideXOS.Phase30ClipboardEmptyProof.exe,D:\dev\guideXOSUEFI\out\dotnet\phase30-managed-clipboard\empty\publish\guideXOS.Phase30ManagedClipboardProof.exe,708096,6482347871A4BF4D07801D671018126E781EADC0498A833454E91CF816E03C9A,6482347871A4BF4D07801D671018126E781EADC0498A833454E91CF816E03C9A,D:\dev\guideXOSUEFI\ramdisk_src\Native\guideXOS.Phase30ClipboardEmptyProof.gxmi,0083CD0959A9B6BD2290C203094F0AF0E5EFE9D90B6E4BCE803E6228748716D5,6482347871A4BF4D07801D671018126E781EADC0498A833454E91CF816E03C9A,0x0010001F,6482347871A4BF4D07801D671018126E781EADC0498A833454E91CF816E03C9A,true,true,true,true,0,0xE8,0x984D0,0x00000000,PE COFF TimeDateStamp; IMAGE_DEBUG_DIRECTORY TimeDateStamp,match
after,Phase30,clear,D:\dev\guideXOSUEFI\ramdisk_src\Native\guideXOS.Phase30ClipboardClearProof.exe,D:\dev\guideXOSUEFI\out\dotnet\phase30-managed-clipboard\clear\publish\guideXOS.Phase30ManagedClipboardProof.exe,708096,D2048D694F129179933295B9B4E8A927F2A9081F0CF6FD37415F4BCE9FCB7D73,D2048D694F129179933295B9B4E8A927F2A9081F0CF6FD37415F4BCE9FCB7D73,D:\dev\guideXOSUEFI\ramdisk_src\Native\guideXOS.Phase30ClipboardClearProof.gxmi,C7CDD3E1E489DCCB2ED2494E344576047C59D1940770D6C6E149A0B22EE96341,D2048D694F129179933295B9B4E8A927F2A9081F0CF6FD37415F4BCE9FCB7D73,0x0020001F,D2048D694F129179933295B9B4E8A927F2A9081F0CF6FD37415F4BCE9FCB7D73,true,true,true,true,0,0xE8,0x98520,0x00000000,PE COFF TimeDateStamp; IMAGE_DEBUG_DIRECTORY TimeDateStamp,match
after,Phase30,oversize,D:\dev\guideXOSUEFI\ramdisk_src\Native\guideXOS.Phase30ClipboardOversizeProof.exe,D:\dev\guideXOSUEFI\out\dotnet\phase30-managed-clipboard\oversize\publish\guideXOS.Phase30ManagedClipboardProof.exe,708096,8DA34634942F96EDA4090B577ABCB2D0D1D5C55F6B18829599A471782FD78D3D,8DA34634942F96EDA4090B577ABCB2D0D1D5C55F6B18829599A471782FD78D3D,D:\dev\guideXOSUEFI\ramdisk_src\Native\guideXOS.Phase30ClipboardOversizeProof.gxmi,DC90F9C6438389ABD7A39808D483F1E8C45FBEADAB7D1C32BD68B1494D086DBB,8DA34634942F96EDA4090B577ABCB2D0D1D5C55F6B18829599A471782FD78D3D,0x0040001F,8DA34634942F96EDA4090B577ABCB2D0D1D5C55F6B18829599A471782FD78D3D,true,true,true,true,0,0xE8,0x98540,0x00000000,PE COFF TimeDateStamp; IMAGE_DEBUG_DIRECTORY TimeDateStamp,match
after,Phase30,malformed-length,D:\dev\guideXOSUEFI\ramdisk_src\Native\guideXOS.Phase30ClipboardMalformedLengthProof.exe,D:\dev\guideXOSUEFI\out\dotnet\phase30-managed-clipboard\malformed-length\publish\guideXOS.Phase30ManagedClipboardProof.exe,708096,CBA0AA7A35025AE0A9BDE913F55431432CD7B2A2DACEA365D3A54031B8A9AA43,CBA0AA7A35025AE0A9BDE913F55431432CD7B2A2DACEA365D3A54031B8A9AA43,D:\dev\guideXOSUEFI\ramdisk_src\Native\guideXOS.Phase30ClipboardMalformedLengthProof.gxmi,50A1ABEF40C4DBDEC9019555AEEC23161E29FE51F12CF6F4DC1991A0C51EF302,CBA0AA7A35025AE0A9BDE913F55431432CD7B2A2DACEA365D3A54031B8A9AA43,0x0080001F,CBA0AA7A35025AE0A9BDE913F55431432CD7B2A2DACEA365D3A54031B8A9AA43,true,true,true,true,0,0xE8,0x98570,0x00000000,PE COFF TimeDateStamp; IMAGE_DEBUG_DIRECTORY TimeDateStamp,match
after,Phase30,failfast,D:\dev\guideXOSUEFI\ramdisk_src\Native\guideXOS.Phase30ClipboardFailFastProof.exe,D:\dev\guideXOSUEFI\out\dotnet\phase30-managed-clipboard\failfast\publish\guideXOS.Phase30ManagedClipboardProof.exe,706048,4131068DAF4BE30D2F008EAB047F82BDC8ABEF46443CFD5FC3682C2E1A3F7664,4131068DAF4BE30D2F008EAB047F82BDC8ABEF46443CFD5FC3682C2E1A3F7664,D:\dev\guideXOSUEFI\ramdisk_src\Native\guideXOS.Phase30ClipboardFailFastProof.gxmi,EB458B2F7DE26C9666BEF576841E8E17650E0297773B9E650EA2A4BDA0F905A0,4131068DAF4BE30D2F008EAB047F82BDC8ABEF46443CFD5FC3682C2E1A3F7664,0x0100001F,4131068DAF4BE30D2F008EAB047F82BDC8ABEF46443CFD5FC3682C2E1A3F7664,true,true,true,true,0,0xE8,0x97DD0,0x00000000,PE COFF TimeDateStamp; IMAGE_DEBUG_DIRECTORY TimeDateStamp,match
after,Phase31,success,D:\dev\guideXOSUEFI\ramdisk_src\Native\guideXOS.Phase31ManagedShellLaunchProof.exe,D:\dev\guideXOSUEFI\out\dotnet\phase31-managed-shell\success\publish\guideXOS.Phase31ManagedShellProof.exe,706560,B862A4AA582477535EC595417B3BB32A6661E205B884F161349BF1910F8B538D,B862A4AA582477535EC595417B3BB32A6661E205B884F161349BF1910F8B538D,D:\dev\guideXOSUEFI\ramdisk_src\Native\guideXOS.Phase31ManagedShellLaunchProof.gxmi,6C706F6B86F4AA8D75D60DA4BED7D48A764B28239CADD970EBFECAC715D9920F,B862A4AA582477535EC595417B3BB32A6661E205B884F161349BF1910F8B538D,0x0200001F,B862A4AA582477535EC595417B3BB32A6661E205B884F161349BF1910F8B538D,true,true,true,true,0,0xE0,0x98000,0x00000000,PE COFF TimeDateStamp; IMAGE_DEBUG_DIRECTORY TimeDateStamp,match
after,Phase31,invalid-target,D:\dev\guideXOSUEFI\ramdisk_src\Native\guideXOS.Phase31InvalidTargetProof.exe,D:\dev\guideXOSUEFI\out\dotnet\phase31-managed-shell\invalid-target\publish\guideXOS.Phase31ManagedShellProof.exe,706560,BC7F6A044A435D622CE5209C3AB6A5CEF5E1889AFA096EFA35B94D890089BCF6,BC7F6A044A435D622CE5209C3AB6A5CEF5E1889AFA096EFA35B94D890089BCF6,D:\dev\guideXOSUEFI\ramdisk_src\Native\guideXOS.Phase31InvalidTargetProof.gxmi,E288CBE3109BC6CCA1176E53F774D264F36F231160A262B3701469993331D84A,BC7F6A044A435D622CE5209C3AB6A5CEF5E1889AFA096EFA35B94D890089BCF6,0x0400001F,BC7F6A044A435D622CE5209C3AB6A5CEF5E1889AFA096EFA35B94D890089BCF6,true,true,true,true,0,0xE0,0x98020,0x00000000,PE COFF TimeDateStamp; IMAGE_DEBUG_DIRECTORY TimeDateStamp,match
after,Phase31,oversize,D:\dev\guideXOSUEFI\ramdisk_src\Native\guideXOS.Phase31OversizeTargetProof.exe,D:\dev\guideXOSUEFI\out\dotnet\phase31-managed-shell\oversize\publish\guideXOS.Phase31ManagedShellProof.exe,706560,EA183DADD5956D02630E917894C539F37F94EFAA219419FA30C5E34A96F7BD1F,EA183DADD5956D02630E917894C539F37F94EFAA219419FA30C5E34A96F7BD1F,D:\dev\guideXOSUEFI\ramdisk_src\Native\guideXOS.Phase31OversizeTargetProof.gxmi,01898D54FEF3B724DD88FA14D6726A7642E5696C366E1D8FC8A8ED5950E42796,EA183DADD5956D02630E917894C539F37F94EFAA219419FA30C5E34A96F7BD1F,0x0800001F,EA183DADD5956D02630E917894C539F37F94EFAA219419FA30C5E34A96F7BD1F,true,true,true,true,0,0xE0,0x97FE0,0x00000000,PE COFF TimeDateStamp; IMAGE_DEBUG_DIRECTORY TimeDateStamp,match
after,Phase31,failfast,D:\dev\guideXOSUEFI\ramdisk_src\Native\guideXOS.Phase31FailFastProof.exe,D:\dev\guideXOSUEFI\out\dotnet\phase31-managed-shell\failfast\publish\guideXOS.Phase31ManagedShellProof.exe,706560,DE77C1E14260DE274064997518D29D5B32D94E048F0A4E4FD08DC7766B3315EC,DE77C1E14260DE274064997518D29D5B32D94E048F0A4E4FD08DC7766B3315EC,D:\dev\guideXOSUEFI\ramdisk_src\Native\guideXOS.Phase31FailFastProof.gxmi,B74BDC5FBAD8981193B72520397365819F5A2E213DC931DA34DD370C306E99CA,DE77C1E14260DE274064997518D29D5B32D94E048F0A4E4FD08DC7766B3315EC,0x1000001F,DE77C1E14260DE274064997518D29D5B32D94E048F0A4E4FD08DC7766B3315EC,true,true,true,true,0,0xE0,0x98000,0x00000000,PE COFF TimeDateStamp; IMAGE_DEBUG_DIRECTORY TimeDateStamp,match
after,Phase31,stale-owner,D:\dev\guideXOSUEFI\ramdisk_src\Native\guideXOS.Phase31StaleOwnerProof.exe,D:\dev\guideXOSUEFI\out\dotnet\phase31-managed-shell\stale-owner\publish\guideXOS.Phase31ManagedShellProof.exe,706560,969940686CD34ACCD234B7A95D75032027509453B3F8EE654837E663A8445B5E,969940686CD34ACCD234B7A95D75032027509453B3F8EE654837E663A8445B5E,D:\dev\guideXOSUEFI\ramdisk_src\Native\guideXOS.Phase31StaleOwnerProof.gxmi,C805ECDC43B2E96E7F153EE04649AB2F41B272BCA3B46A9287C02161282AA4BE,969940686CD34ACCD234B7A95D75032027509453B3F8EE654837E663A8445B5E,0x2000001F,969940686CD34ACCD234B7A95D75032027509453B3F8EE654837E663A8445B5E,true,true,true,true,0,0xE0,0x98000,0x00000000,PE COFF TimeDateStamp; IMAGE_DEBUG_DIRECTORY TimeDateStamp,match
after,Phase32,success,D:\dev\guideXOSUEFI\ramdisk_src\Native\guideXOS.Phase32ManagedOpenDocumentProof.exe,D:\dev\guideXOSUEFI\out\dotnet\phase32-managed-open-document\success\publish\guideXOS.Phase32ManagedOpenDocumentProof.exe,706560,4C7F39F9B54818316FEC2B5DB44E82500C7148B1A9B9B8A425C11C8932636EB1,4C7F39F9B54818316FEC2B5DB44E82500C7148B1A9B9B8A425C11C8932636EB1,D:\dev\guideXOSUEFI\ramdisk_src\Native\guideXOS.Phase32ManagedOpenDocumentProof.gxmi,4D7E037CC53B71CC122C4EE2E148D3DECC4A2C279E4E2C41A77DF6225ADF31CB,4C7F39F9B54818316FEC2B5DB44E82500C7148B1A9B9B8A425C11C8932636EB1,0x4000001F,4C7F39F9B54818316FEC2B5DB44E82500C7148B1A9B9B8A425C11C8932636EB1,true,true,true,true,0,0xE0,0x980B0,0x00000000,PE COFF TimeDateStamp; IMAGE_DEBUG_DIRECTORY TimeDateStamp,match
after,Phase32,failfast,D:\dev\guideXOSUEFI\ramdisk_src\Native\guideXOS.Phase32OpenDocumentFailFastProof.exe,D:\dev\guideXOSUEFI\out\dotnet\phase32-managed-open-document\failfast\publish\guideXOS.Phase32ManagedOpenDocumentProof.exe,706560,FDDA849F9062E01625AEE3C18660204C2ADAF3340E7BFB0DBEB92F8903946026,FDDA849F9062E01625AEE3C18660204C2ADAF3340E7BFB0DBEB92F8903946026,D:\dev\guideXOSUEFI\ramdisk_src\Native\guideXOS.Phase32OpenDocumentFailFastProof.gxmi,4103D7F722C1180D576087028FD40A694804B8B44CFDC6F34581B20F56C4C349,FDDA849F9062E01625AEE3C18660204C2ADAF3340E7BFB0DBEB92F8903946026,0x8000001F,FDDA849F9062E01625AEE3C18660204C2ADAF3340E7BFB0DBEB92F8903946026,true,true,true,true,0,0xE0,0x98010,0x00000000,PE COFF TimeDateStamp; IMAGE_DEBUG_DIRECTORY TimeDateStamp,match
after,Phase32,stale-owner,D:\dev\guideXOSUEFI\ramdisk_src\Native\guideXOS.Phase32OpenDocumentStaleOwnerProof.exe,D:\dev\guideXOSUEFI\out\dotnet\phase32-managed-open-document\stale-owner\publish\guideXOS.Phase32ManagedOpenDocumentProof.exe,706560,AA86301F20C9B7933440DC341ABAD1AAD1D306D4BF6FA42E76CED0875D4809D4,AA86301F20C9B7933440DC341ABAD1AAD1D306D4BF6FA42E76CED0875D4809D4,D:\dev\guideXOSUEFI\ramdisk_src\Native\guideXOS.Phase32OpenDocumentStaleOwnerProof.gxmi,9633EF157F01440A35DF9E5171BE5ABD10BE5D97A5B518573E864532D3EF8E2B,AA86301F20C9B7933440DC341ABAD1AAD1D306D4BF6FA42E76CED0875D4809D4,0xC000001F,AA86301F20C9B7933440DC341ABAD1AAD1D306D4BF6FA42E76CED0875D4809D4,true,true,true,true,0,0xE0,0x98010,0x00000000,PE COFF TimeDateStamp; IMAGE_DEBUG_DIRECTORY TimeDateStamp,match
